member_id,member_name
1645,Kristi Gutierrez
262,Barbara Holmes
93,Laura Dickerson DDS
7840,Rebecca Snyder
2961,Gary Garner
9746,Deborah Jones
4586,April Gilmore
4523,Katherine Miles
3691,Taylor Mayo
6527,Jose Gomez
7754,Ryan Hensley
5593,Jasmine Williams
7576,Sandra Le DDS
6072,Michelle Byrd
1714,Erin Sullivan
4286,Molly Brady
4913,Glenda Hall
1683,Michelle Cruz MD
5008,John Green
7019,Stacy Adams MD
8022,Mitchell Williams
1442,Derek Schmidt
7463,Thomas Adams
8334,Keith Roberts
4948,Joshua Key
5376,Olivia Parsons
2279,Michael Robbins
4872,Claire Blanchard
4606,Robin Hahn
6940,Kelly Ortiz
